prank,isbn,name,age
1,9780694015153,Who Stole the Cookies from the Cookie Jar? (Paperback),0_5
1,9788962617467,개구쟁이 특공대의 펭귄랜드,0_5
1,9791185173269,치카치카 쓱쓱,0_5
4,9780007262304,The Way Back Home (Package),0_5
4,9780020437505,Rosie's Walk (Paperback),0_5
4,9780060578459,Biscuit's Birthday,0_5
4,9780061128325,Biscuit's Show And Share Day(Paperback),0_5
4,9780061430053,Flat Stanley and the Haunted House,0_5
4,9780064441049,Uncle Elephant (Paperback),0_5
4,9780064441551,[I Can Read] Level 2 : Amelia Bedelia (Paperback),0_5
4,9780064442237,Silly Tilly's valentine,0_5
4,9780152062866,Where Is the Green Sheep? (Paperback),0_5
4,9780152064877,Hickory Dickory Dock (Paperback) - My Little Library Pre-Step 09,0_5
4,9780198482802,Oxford Reading Tree: Level 6: Stories: in the Garden (Paperback),0_5
4,9780198489108,Oxford Reading Tree: Level 2 More A Decode and Develop Got a Job? (Paperback),0_5
4,9780198492733,Proj X Alien Ad Yellow On Noks Trail null (Alien Adventures: Yellow: On Nok's Trail),0_5
4,9780198492986,Proj X Alien Ad Green The Seagull null (Alien Adventures: Green: The Seagull),0_5
4,9780316210416,"Nighty Night, Little Green Monster (Hardcover)",0_5
4,9780439099783,"(A) girl a goat, and a goose",0_5
4,9780448412603,Zack Files 01: Great-Grandpa's in the Litter Box (Paperback),0_5
1,9780152002473,Mr. Putter & Tabby Toot the Horn (Paperback),6_7
1,9780152023898,Mr. Putter & Tabby Take the Train (Paperback) - Mr. Putter & Tabby,6_7
1,9780152063665,Mr. Putter & Tabby See the Stars (Paperback),6_7
1,9788955821529,씨앗은 무엇이 되고 싶을까?,6_7
5,9780375860904,Magic Tree House #30: Haunted Castle on Hallows Eve No. 30,6_7
5,9781406330175,How Do You Feel? (Hardcover),6_7
5,9788930219518,Why? 생활안전,6_7
5,9788937889714,(추리 천재) 엉덩이 탐정,6_7
5,9788952760739,나는 용감한 잭 임금님,6_7
5,9788956251622,黑山 :김훈 장편소설,6_7
5,9791156083726,(How so?) 도전과 용기,6_7
5,9791160512724,추리 게임,6_7
13,9780060242664,Little Bear's visit,6_7
13,9780061148811,ROSCOE RILEY RULES 1,6_7
13,9780061703706,Fancy Nancy: Pajama Day (Paperback),6_7
13,9780061783708,ROSCOE RILEY RULES 7,6_7
13,9780061978531,Splat the cat sings flat,6_7
13,9780061978609,Splat the cat :takes the cake,6_7
13,9780062090171,Splat the Cat (The Rain Is a Pain),6_7
13,9780062090195,Splat the Cat with a Bang and a Clang,6_7
1,9780545010221,Harry Potter and the deathly hallows,8_13
2,9780439139601,Harry Potter and the goblet of fire,8_13
3,9788937847004,윔피 키드,8_13
3,9788949121819,바꿔! - 2018 황금도깨비상 수상작,8_13
5,9780064440219,(The)Frog and Toad collection,8_13
5,9788930219600,Why? 아마존,8_13
5,9788930232739,Why? 한국사 법과 형벌,8_13
5,9788949121338,빨강 연필 :신수현 장편동화,8_13
5,9788993055207,윔피 키드,8_13
5,9791187777427,스파이 걸스,8_13
11,8809360257404,해리포터와 비밀의 방 (2disc) - 한국어 더빙 수록,8_13
11,9780064440585,Days with Frog and Toad (Paperback),8_13
11,9780142407738,A House Is a House for Me (Paperback),8_13
11,9780448478746,Young Cam Jansen And The Circus Mystery #17 - Puffin Young Readers Level3 (Paperback),8_13
11,9780448482538,Young Cam Jansen Series #15 : Young Cam Jansen and the 100th Day of School Mystery (Paperback),8_13
11,9780448494913,Young Cam Jansen and the Ice Skate Mystery (Paperback) - Puffin Young Readers Level 3,8_13
11,9781847150714,Bogeys! (Paperback),8_13
11,9788928315963,오늘부터 친구 1일,8_13
11,9788930202527,Why? 외계인과 UFO,8_13
11,9788930206877,Why? 극지 탐험,8_13
1,9788931001990,앵무새 죽이기,14_19
1,9788945125156,"김연아의 7분 드라마 :스무 살 김연아, 그 열정과 도전의 기록",14_19
1,9788972756194,나미야 잡화점의 기적 :히가시노 게이고 장편소설,14_19
1,9788972757573,라플라스의 마녀 :히가시노 게이고 장편소설,14_19
1,9788993480344,(세상에서 가장 쉬운) 수학지도,14_19
1,9788994158914,매일 입고 싶은 원피스,14_19
1,9788997162796,레토릭 :세상을 움직인 설득의 비밀,14_19
8,8809105873012,센과 치히로의 행방불명 보정판 (2disc) - DTS-ES,14_19
8,8809105873036,이웃집 토토로,14_19
8,8809306457646,명량 : 일반판 (2disc) - 아웃케이스 없음,14_19
8,8809308189552,덕혜옹주 : 일반판 (2disc) - 아웃케이스 없음,14_19
8,8809333432173,목소리의 형태,14_19
8,8809362348575,조선명탐정: 사라진 놉의 딸 (2disc),14_19
8,8809520440196,동주 : 일반판 (2disc),14_19
8,8809549667307,메가로돈,14_19
8,9780198483519,Oxford Reading Tree: Level 9: Stories: Green Island (Paperback),14_19
8,9780198483618,Oxford Reading Tree: Level 9: More Stories A: the Blue Eye (Paperback),14_19
8,9780590262637,(The) gym day winner,14_19
8,9780590262668,Here comes the snow,14_19
8,9781862305700,Eat Your Peas (Paperback + CD 1장),14_19
1,9788936434120,소년이 온다 :한강 장편소설,20
1,9788960640092,동영상으로 배우는 생활수화,20
3,8809306507648,소셜 네트워크 (2disc) - 아웃케이스 없음,20
3,9788954637756,개인주의자 선언 :판사 문유석의 일상유감,20
3,9788992832502,Keyshot & V-Ray & Rhino 3D - 주얼리디자인 현장실무를 위한,20
3,9791156756552,죽여 마땅한 사람들,20
7,8809362344423,도둑들 : 일반판 (1disc),20
7,9788932906720,뇌 :베르나르 베르베르 장편소설,20
7,9788937461033,인간 실격,20
7,9788950964948,애프터 유 :조조 모예스 장편소설,20
7,9788986836240,왜 나는 너를 사랑하는가,20
7,9791162240502,Hello coding HTML5+CSS3 :워드처럼 쉬운 웹사이트 만들기,20
7,9791187119845,나는 나로 살기로 했다 :냉담한 현실에서 어른살이를 위한 to do list,20
14,8809154130852,안드레이 타르코프스키의 잠입자 (2disc),20
14,8809323141313,아마데우스 SE (2disc) - 할인행사,20
14,8809362349350,암살 : 한정판 (2disc) - 시나리오포토북 + 선언문 + 지도 + 엽서 7종,20
14,9780061928871,Pinkalicious: Pinkie Promise (Paperback) - I Can Read LV 1,20
14,9780439594271,At the Carnival (Paperback),20
14,9780439594318,I'm a fire fighter,20
14,9780590306997,I am lost!,20
1,9791188062188,(핸드메이드) 사계절 리넨 여성복 25,30
2,9788939570313,공주들의 행복한 결혼식,30
2,9788952773104,13층 나무 집,30
4,9780545610612,Let's Get Cracking!: A Branches Book (Kung POW Chicken #1) (Paperback),30
4,9788901121390,기분을 말해 봐!,30
4,9788901150598,습관의 힘 :반복되는 행동이 만드는 극적인 변화,30
4,9788901219943,신경 끄기의 기술 :인생에서 가장 중요한것만 남기는 힘,30
4,9788936476953,(응급의학과 의사 아빠의) 안전한 육아,30
4,9788937473135,82년생 김지영 :조남주 장편소설,30
4,9788966260997,생각하는 프로그래밍 :프로그래밍 본질에 관한 15가지 에세이,30
4,9788984076266,부자언니 부자연습 :가난한 공주 부자되기 프로젝트,30
4,9791160401967,슬픔을 공부하는 슬픔 :신형철 산문,30
13,9780060264383,"Happy birthday, Danny and the dinosaur!",30
13,9780064442640,Bathtime for Biscuit (Paperback),30
13,9780064442886,Biscuit's big friend,30
13,9780688104795,Rain,30
13,9780746070208,"Cinderella (Paperback, 영국판)",30
13,9781444001082,Moody Margaret's School (Paperback) (Horrid Henry Early Reader),30
13,9781848574519,Ten Spooky Skeletons (Hardcover),30
13,9781858816500,Horrid Henry's Haunted House : Book 6 (Paperback),30
1,9780439784542,Harry Potter and the half-blood prince,40
2,9788934972464,"사피엔스 :유인원에서 사이보그까지, 인간 역사의 대담하고 위대한 질문",40
3,9788934939603,정의란 무엇인가,40
3,9788936434267,아몬드 (양장 특별 한정판),40
3,9788994356174,홈 패션 DIY :행복을 바느질하다,40
6,9780448466309,Level 3. Young Cam Jansen: and the Speedy Car Mystery,40
6,9788931456882,(손쉽고 빠르게 만드는) 나를 위한 여성복 만들기,40
6,9788936433598,채식주의자:한강 연작소설,40
6,9788936452056,식탁 위의 세계사,40
6,9788949121819,바꿔! - 2018 황금도깨비상 수상작,40
6,9788960516175,"검사내전 :생활형 검사의 사람 공부, 세상 공부",40
6,9788990794055,잔소리 없는 날,40
13,9780375867958,A Crazy Day with Cobras (Paperback),40
13,9780679844075,Junie B. Jones and her big fat mouth,40
13,9788901068596,나쁜 어린이표 - 웅진 푸른교실 1,40
13,9788928307852,금지어 시합,40
13,9788930202305,Why? 우주,40
13,9788930202701,Why? 실험관찰,40
13,9788930206822,Why? 고대 동물,40
13,9788930219556,Why? 소프트웨어와 코딩,40
1,9788937473135,82년생 김지영 :조남주 장편소설,50
1,9788954646079,바깥은 여름 :김애란 소설,50
3,9788934972464,"사피엔스 :유인원에서 사이보그까지, 인간 역사의 대담하고 위대한 질문",50
3,9788934982975,21세기를 위한 21가지 제언 :더 나은 오늘은 어떻게 가능한가,50
3,9788996588733,"(정재승의) 과학콘서트 :복잡한 세상, 명쾌한 과학",50
3,9791186517215,(셀프트래블) 이탈리아 =Italy,50
7,9788925540931,(세계를 간다) 이탈리아 =로마·피란체·밀라노·베네치아·나폴리 외 /Italia,50
7,9788931461046,(IT 운용 체제 변화를 위한) 데브옵스 =DevOps,50
7,9788932471389,국화와 칼 :일본 문화의 틀,50
7,9788932912271,데미안,50
7,9788934926498,식객 4 - 잊을 수 없는 맛,50
7,9788934926504,식객 5 - 술의 나라,50
7,9788934972204,여름은 오래 그곳에 남아,50
7,9788937473173,딸에 대하여 :김혜진 장편소설,50
7,9788937490019,내 이름은 빨강,50
7,9788937490026,내 이름은 빨강,50
7,9788937888656,"4차 산업혁명 시대, 전문직의 미래 :빅데이터, 인공지능, 기술혁신이 가져올 새로운 전문직 지형도",50
7,9788946417489,살아온 기적 살아갈 기적 :장영희 에세이,50
7,9788952799074,단식 모방 다이어트 :몸을 착각하게 만드는 건강한 식사법,50
7,9788963572116,메이지의 도쿄,50
1,9788973378326,한강:趙廷來 大河小說,60
2,9780064441872,(The)outside dog,60
2,9780394865874,Little Witch's Big Night (Paperback),60
2,9788970873268,반일 종족주의 - 대한민국 위기의 근원,60
2,9788975675652,(단기완성) 독학 중국어 첫걸음,60
6,9788901228402,나이 드는 맛,60
6,9788925564289,나는 오늘도 경제적 자유를 꿈꾼다,60
6,9788928307210,신통방통 숭례문,60
6,9788937461545,카라마조프 가의 형제들,60
6,9788947544306,나는 오를 땅만 산다 :쉽게 배워 + 바로 써먹는 옥탑방보보스의 토지투자 첫걸음,60
6,9788954623773,(설민석의) 무도 한국사 특강,60
6,9788960532410,토지 :박경리 대하소설,60
6,9788960532427,토지 :박경리 대하소설,60
6,9788960532434,토지 :박경리 대하소설,60
6,9788973378319,한강:趙廷來 大河小說,60
6,9788973378333,한강:趙廷來 大河小說,60
6,9791158791117,사일런트 코너 :딘 쿤츠 장편소설,60
6,9791160073799,4차산업 1등주에 투자하라 - 앞으로 10년을 지배하는 해외 주식투자의 메가트렌드,60
6,9791164050093,경이로운 우주 :낭만적이면서도 과학적인 시선으로 본 우리의 우주,60
6,9791186009673,레드 스패로우,60
