rank,isbn,name,subject
1,9788930219563,Why? 마술과학,Arts
2,9788968331862,방구석 미술관 :가볍고 편하게 시작하는 유쾌한 교양 미술,Arts
3,8809105873036,이웃집 토토로,Arts
4,8809105873012,센과 치히로의 행방불명 보정판 (2disc) - DTS-ES,Arts
4,9788901229058,코끼리 탐험대와 지구 한 바퀴 :숨은그림찾기 세계 여행,Arts
6,8809192648364,아이언 맨,Arts
6,8809274083175,토이 스토리,Arts
6,8809306507648,소셜 네트워크 (2disc) - 아웃케이스 없음,Arts
6,8809380190750,어메이징 스파이더맨,Arts
6,8809461429892,몬스터 호텔 3,Arts
6,9788930202626,Why? 스포츠과학,Arts
6,9788970415857,"다시, 그림이다 :데이비드 호크니와의 대화",Arts
6,9788970840659,서양미술사,Arts
6,9788993055290,윔피 키드 Movie diary :할리우드에 간 그레그,Arts
6,9791160402353,"야구가 뭐라고 :'그깟 공놀이'일 수 없는, 1년 열두 달 즐기는 야구 이야기",Arts
6,9791187928256,다락방 재즈 =Jazz loft,Arts
6,9791189344313,퇴근길 클래식 수업 :알아두면 쓸모 있는 최소한의 클래식 이야기,Arts
18,8809234760719,렛미인 한정판 (디지팩),Arts
18,8809274088842,어벤져스,Arts
18,8809323140019,해리포터 7 : 죽음의 성물 1부 (2disc),Arts
1,9788930219556,Why? 소프트웨어와 코딩,General
2,9788971995945,세상은 어떻게 뉴스가 될까 :커뮤니케이션으로서의 뉴스,General
3,9788930231701,Why? 크리에이터,General
3,9788994120966,지적 대화를 위한 넓고 얕은 지식,General
3,9788994120997,지적 대화를 위한 넓고 얕은 지식,General
3,9791196316808,공부머리 독서법 :실현 가능하고 지속 가능한 독서교육의 모든 것,General
7,9788930202527,Why? 외계인과 UFO,General
8,9788931455441,"(스마트폰으로 잘 찍고, 잘 편집하는) 돈 되는 동영상 만들기",General
8,9788935211609,1시간에 1권 퀀텀 독서법 :하루 30분 3주면 된다!,General
8,9788935212729,초서抄書 독서법 :읽고 가려 뽑아 내 글로 정리하는 힘,General
8,9788954653848,쾌락독서 :개인주의자 문유석의 유쾌한 책 읽기,General
8,9788966189731,"(스테이지, 퍼즐, 보스를 공략하는) 유니티 2D 게임 공작소",General
8,9788966260997,생각하는 프로그래밍 :프로그래밍 본질에 관한 15가지 에세이,General
8,9791158391447,(도커/쿠버네티스를 활용한) 컨테이너 개발 실전 입문 :현장에서 바로 활용할 수 있는 컨테이너 개발 기법과 실전 기술,General
8,9791158391478,"(파이썬을 이용한) 머신러닝, 딥러닝 실전 앱 개발 :실무에서 즉시 활용 가능한 머신러닝, 딥러닝 실전 앱 개발",General
8,9791189938338,(단 한 권을 읽어도 제대로 남는) 메모 독서법,General
17,9788901101569,청춘의 독서 :세상을 바꾼 위험하고 위대한 생각들,General
17,9788930201476,Why? 자본론 =Das kapital,General
17,9788930201537,"Why? 자본주의 사회주의 민주주의 =Capitalism, socialism, and democracy",General
17,9788930201698,Why? 도덕경,General
1,9788934972464,"사피엔스 :유인원에서 사이보그까지, 인간 역사의 대담하고 위대한 질문",History
2,9788934982975,21세기를 위한 21가지 제언 :더 나은 오늘은 어떻게 가능한가,History
3,9788930206877,Why? 극지 탐험,History
4,9788964359167,용선생 만화 한국사:,History
5,9788933870693,설민석의 조선왕조실록 :대한민국이 선택한 역사 이야기,History
5,9788934958222,(새로 만든) 먼나라 이웃나라,History
5,9788964359174,용선생 만화 한국사:,History
5,9788964359181,용선생 만화 한국사:,History
5,9788964359266,용선생 만화 한국사:,History
5,9791156390404,Who? 김연아 =Kim Yuna,History
11,9788932471389,국화와 칼 :일본 문화의 틀,History
11,9788936452056,식탁 위의 세계사,History
11,9788964359204,용선생 만화 한국사:,History
11,9788964359235,용선생 만화 한국사:,History
11,9788964359273,용선생 만화 한국사:,History
11,9788992026031,장기려 :우리 곁에 살다 간 성자,History
17,9788930200974,Why? 프랑스,History
17,9788934958246,(새로 만든) 먼나라 이웃나라,History
17,9788934981404,먼나라 이웃나라 :지역·주제편,History
17,9788935610259,로마인 이야기,History
1,9788965962205,(지적이고 아름다운 삶을 위한) 라틴어 수업,Language
2,9780198482802,Oxford Reading Tree: Level 6: Stories: in the Garden (Paperback),Language
2,9781409519348,DAYDREAMER (Paperback),Language
2,9781409555827,(The)magic melon,Language
2,9788915070226,How many?,Language
2,9788928303281,(기술자君의) 언어의 기술,Language
2,9788928303281,(기술자君의) 언어의 기술,Language
2,9788953932432,(Disney·Pixar) Finding Nemo,Language
2,9788953932449,Snow white and the seven dwarfs,Language
2,9788953944350,Just keep swimming :Disney·Pixar Finding Nemo,Language
2,9788954909747,(The)Balloon Tree,Language
2,9788963481227,(대한민국에서 가장 쉬운) 독학 일본어 첫걸음,Language
2,9788975675652,(단기완성) 독학 중국어 첫걸음,Language
14,9780198481379,Oxford Reading Tree: Level 2: More Stories A: Floppy's Bath (Paperback),Language
14,9788901215709,"9등급 꼴찌, 1년 만에 통역사 된 비법",Language
14,9788915070288,How is the weather?,Language
14,9788927747208,(영상으로 체험하는) 뿜뿜 중국어,Language
14,9788953932241,Sealed with a kiss,Language
14,9788953932364,(The) Loparts learn to share,Language
14,9788953933835,(The) Magic Lamp,Language
1,9788937473135,82년생 김지영 :조남주 장편소설,Literature
2,9788954646079,바깥은 여름 :김애란 소설,Literature
2,9788972756194,나미야 잡화점의 기적 :히가시노 게이고 장편소설,Literature
4,9788972757573,라플라스의 마녀 :히가시노 게이고 장편소설,Literature
5,9788936434120,소년이 온다 :한강 장편소설,Literature
5,9788952773104,13층 나무 집,Literature
5,9791195522125,언어의 온도 :말과 글에는 나름의 따뜻함과 차가움이 있다,Literature
8,9788937847004,윔피 키드,Literature
9,9788936433598,채식주의자:한강 연작소설,Literature
9,9788937473173,딸에 대하여 :김혜진 장편소설,Literature
9,9788952781505,26층 나무 집,Literature
9,9788954641630,쇼코의 미소 :최은영 소설,Literature
9,9788973377947,(趙廷來 大河小說) 太白山脈,Literature
14,9788952786470,91층 나무 집,Literature
14,9788956609959,종의 기원 =정유정 장편소설 /The origin of species,Literature
14,9788972758426,그대 눈동자에 건배 :히가시노 게이고 소설집,Literature
14,9788986621136,강아지똥,Literature
14,9791156756552,죽여 마땅한 사람들,Literature
14,9791196394509,죽고 싶지만 떡볶이는 먹고 싶어 :백세희 에세이,Literature
20,9788901223032,하마터면 열심히 살 뻔했다 :야매 득도 에세이,Literature
1,9788930202640,Why? 별과 별자리,NS
1,9788930202701,Why? 실험관찰,NS
1,9788930206822,Why? 고대 동물,NS
1,9788957367483,어린이 과학 형사대 CSI,NS
1,9788996588733,"(정재승의) 과학콘서트 :복잡한 세상, 명쾌한 과학",NS
1,9791160560510,열두 발자국,NS
7,9788930202305,Why? 우주,NS
7,9788930202725,Why? 유전과 혈액형,NS
7,9788930206846,Why? 물,NS
7,9788930220712,Why? 수학 :측정,NS
7,9788930221016,Why? 수학 :산업수학,NS
7,9788932471112,이기적 유전자,NS
7,9788937838323,내일은 실험왕 :본격 대결 과학실험 만화,NS
7,9788957364475,어린이 과학 형사대 CSI,NS
15,9788928302581,신통방통 분수,NS
15,9788930202473,Why? 화석,NS
15,9788930202565,Why? 동굴,NS
15,9788930202763,Why? 생활과학,NS
15,9788930206815,Why? 심해,NS
15,9788930219617,Why? 과학 법칙,NS
1,9788934939603,정의란 무엇인가,Philosophy
2,9791186757093,"자존감 수업 :하루에 하나, 나를 사랑하게 되는 자존감 회복 훈련",Philosophy
3,9788901219943,신경 끄기의 기술 :인생에서 가장 중요한것만 남기는 힘,Philosophy
3,9788996991342,미움받을 용기 :자유롭고 행복한 삶을 위한 아들러의 가르침,Philosophy
5,9788901121390,기분을 말해 봐!,Philosophy
5,9788901154091,나는 죽을 때까지 재미있게 살고싶다 :멋지게 나이 들고 싶은 사람들을 위한 인생의 기술 53,Philosophy
5,9788937833663,돈으로 살 수 없는 것들 :무엇이 가치를 결정하는가,Philosophy
5,9788937886966,(10대를 위한) 정의란 무엇인가 :하버드대 마이클 샌델 교수의 정의 수업,Philosophy
5,9788965746669,당신이 옳다 :정혜신의 적정심리학,Philosophy
10,9788901150598,습관의 힘 :반복되는 행동이 만드는 극적인 변화,Philosophy
10,9788932022888,피로사회,Philosophy
10,9788950968267,탁월한 사유의 시선 :건명원 강의,Philosophy
10,9788950975913,굿 라이프 =내 삶을 바꾸는 심리학의 지혜 /The good life,Philosophy
10,9788957369364,무례한 사람에게 웃으며 대처하는 법 :인생 자체는 긍정적으로 개소리에는 단호하게,Philosophy
10,9788964960035,나는 나의 주인,Philosophy
10,9788965963035,미학 수업 :품격 있는 삶을 위한 예술 강의,Philosophy
10,9791125645740,자두의 비밀일기장 :안녕 자두야 너 무슨 비밀있니?,Philosophy
10,9791125645764,자두의 행복 일기장 :안녕 자두야 행복은 어디에 있을까?,Philosophy
10,9791130620459,철학은 어떻게 삶의 무기가 되는가 :불확실한 삶을 돌파하는 50가지 생각 도구,Philosophy
20,9788901161198,너는 나에게 상처를 줄 수 없다 :쉽게 상처받는 사람들을 위한 관계 심리학,Philosophy
1,9788953331228,(그림으로 보는) 그리스 로마 신화 :어린이 처음 인문학,Religion
2,9788953331211,(그림으로 보는) 그리스 로마 신화 :어린이 처음 인문학,Religion
3,9788925543581,프시케를 사랑한 에로스,Religion
3,9788925544458,사랑을 되찾은 프시케,Religion
5,9788925543574,프로메테우스와 판도라,Religion
5,9788925543642,에로스와 프시케의 이별,Religion
5,9788925544380,꾀가 많은 헤르메스,Religion
5,9788925544397,아테나한테 도전하는 아라크네,Religion
5,9788925544403,"전쟁과 지혜의 신, 아테나",Religion
5,9788925544441,가장 아름다운 여신,Religion
5,9788950971366,그리스 로마 신화,Religion
5,9788950971410,그리스 로마 신화,Religion
5,9788953331235,(그림으로 보는) 그리스 로마 신화 :어린이 처음 인문학,Religion
14,9788925543567,"세상의 시작, 제우스의 탄생",Religion
14,9788925544328,나무가 된 바우키스와 필레몬,Religion
14,9788925544335,마음씨 좋은 바우키스와 필레몬,Religion
14,9788925544342,월계수가 된 다프네,Religion
14,9788925544359,사자가 된 아탈란테와 히포메네스,Religion
14,9788925544366,사냥꾼 아탈란테와 멜레아그로스,Religion
14,9788925544373,제우스를 구한 헤르메스,Religion
1,9788960516175,"검사내전 :생활형 검사의 사람 공부, 세상 공부",SS
2,9788934977841,호모 데우스 :미래의 역사,SS
3,9788935212224,(댄 애리얼리) 부의 감각,SS
4,9788930219518,Why? 생활안전,SS
4,9788932472959,도시는 무엇으로 사는가 :도시를 보는 열다섯 가지 인문적 시선,SS
4,9788954637756,개인주의자 선언 :판사 문유석의 일상유감,SS
7,9788901229614,초예측 :세계 석학 8인에게 인류의 미래를 묻다,SS
7,9788925548777,(잠수네 아이들의) 소문난 교육로드맵 :국영수사과,SS
7,9788925564289,나는 오늘도 경제적 자유를 꿈꾼다,SS
7,9788934985068,팩트풀니스 :우리가 세상을 오해하는 10가지 이유와 세상이 생각보다 괜찮은 이유,SS
7,9788954626064,(청소년을 위한) 나는 말랄라 :교육받을 권리를 위해 당당히 일어서 세상을 변화시킨 한 소녀의 이야기,SS
7,9788956605593,불안,SS
7,9788962805901,클라우스 슈밥의 제4차 산업혁명,SS
7,9788964960585,"세빈아, 오늘은 어떤 법을 만났니? :변호사 엄마가 딸에게 들려주는 법과 사회 이야기",SS
7,9788965706908,초격차 :넘볼 수 없는 차이를 만드는 격,SS
7,9788965707882,부자들이 죽어도 지키는 사소한 습관,SS
7,9788968304897,1+1이 공짜가 아니라고? - 생활 속 사례로 생생하게 배우는 경제,SS
7,9788984076266,부자언니 부자연습 :가난한 공주 부자되기 프로젝트,SS
7,9788993952858,극한의 경험 :유발 하라리의 전쟁 문화사,SS
7,9788994702346,부의 추월차선 :부자들이 말해 주지 않는 진정한 부를 얻는 방법,SS
1,9788965962830,"골든아워 :생과 사의 경계, 중증외상센터의 기록",TE
1,9788994356174,홈 패션 DIY :행복을 바느질하다,TE
3,9788931456882,(손쉽고 빠르게 만드는) 나를 위한 여성복 만들기,TE
3,9788932473802,어디서 살 것인가 :우리가 살고 싶은 곳의 기준을 바꾸다,TE
3,9791188062188,(핸드메이드) 사계절 리넨 여성복 25,TE
6,9788930202688,Why? 식품과 영양,TE
6,9788930206860,Why? 수면 과학,TE
6,9788930219501,Why? 동물 의학,TE
6,9788937838392,내일은 발명왕 :본격 대결 과학발명 만화,TE
6,9788937889431,오늘도 비움 :차근차근 하나씩,TE
6,9788967441791,환자 혁명 :약과 병원에 의존하던 건강 주권을 회복하라,TE
6,9791156757344,우울할 땐 뇌과학,TE
6,9791158511012,나는 버리지 않기로 했다 :살짝 손만 대도 5평 더 넓어지는 수납법을 소개하다,TE
6,9791162339176,내일은 발명왕 :본격 대결 과학발명 만화,TE
6,9791188053384,코코지니의 친절한 재봉틀 교실 :기초부터 차근차근! 초보자를 위한 실용 생활 소품 34가지 만들기,TE
16,9788930206723,Why? 과학수사,TE
16,9788930206761,Why? 장애와 과학,TE
16,9788930219532,Why? 위험 물질,TE
16,9788931587036,수미네 반찬 :김수미표 는둥만둥 레시피북,TE
16,9788932319698,오늘도 우리 몸은 싸우고 있다 :면역의 과학,TE
